Name,Species,Gender,Personality,Hobby,Birthday,Catchphrase,Favorite Song,Style 1,Style 2,Color 1,Color 2,Wallpaper,Flooring,Filename,Unique Entry ID
Admiral,Bird,Male,Cranky,Nature,27-Jan,aye aye,Steep Hill,Cool,Cool,Black,Blue,dirt-clod wall,tatami,brd06,B3RyfNEqwGmcccRC3
Agent S,Squirrel,Female,Peppy,Fitness,2-Jul,sidekick,Go K.K. Rider,Active,Simple,Blue,Black,concrete wall,colorful tile flooring,squ05,SGMdki6dzpDZyXAw5
Agnes,Pig,Female,Big Sister,Play,21-Apr,snuffle,K.K. House,Simple,Elegant,Pink,White,gray molded-panel wall,arabesque flooring,pig17,jzWCiDPm9MqtCfecP
Al,Gorilla,Male,Lazy,Fitness,18-Oct,ayyyeee,Go K.K. Rider,Active,Active,Red,White,concrete wall,green rubber flooring,gor08,LBifxETQJGEaLhBjC
Alfonso,Alligator,Male,Lazy,Play,9-Jun,it'sa me,Forest Life,Simple,Simple,Red,Blue,yellow playroom wall,green honeycomb tile,crd00,REpd8KxB8p9aGBRSE
Alice,Koala,Female,Normal,Education,19-Aug,guvnor,Aloha K.K.,Cute,Cute,Red,Pink,white botanical-tile wall,light parquet flooring,kal01,wkPJDHMMMTK24eqzC
Alli,Alligator,Female,Snooty,Fashion,8-Nov,graaagh,K.K. Soul,Gorgeous,Elegant,Yellow,Brown,woodland wall,rosewood flooring,crd01,dcB3BpFLtcXHAbt5i
Amelia,Eagle,Female,Snooty,Music,19-Nov,cuz,K.K. Condor,Cool,Elegant,Black,White,summit wall,common flooring,pbr01,gWpcHhfpuN4MSTdhF
Anabelle,Anteater,Female,Peppy,Fashion,16-Feb,snorty,Aloha K.K.,Cute,Simple,Green,Blue,green painted-wood wall,yellow floral flooring,ant03,gvdKbp6t9xMtx5swT
Anchovy,Bird,Male,Lazy,Play,4-Mar,chuurp,K.K. Ragtime,Simple,Simple,Colorful,Orange,modern wood wall,simple red flooring,brd02,T9ya79MPxRxcR4tae
Angus,Bull,Male,Cranky,Fitness,30-Apr,macmoo,K.K. Calypso,Cool,Cool,Red,Black,wild-wood wall,red-and-black vinyl flooring,bul00,jHQfWetzGf6Zhgt4u
Anicotti,Mouse,Female,Peppy,Fashion,24-Feb,cannoli,Neapolitan,Simple,Elegant,Red,Pink,beaded-curtain wall,kitschy tile,mus10,oGr6N9vC3TD9raXbf
Ankha,Cat,Female,Snooty,Nature,22-Sep,me meow,K.K. Bazaar,Gorgeous,Simple,Colorful,Brown,ancient wall,pyramid tile,cat19,AWdRRws22EGTxC7vc
Annalisa,Anteater,Female,Normal,Nature,6-Feb,gumdrop,King K.K.,Elegant,Gorgeous,Red,Pink,gold-screen wall,tatami,ant08,XTwyzscZPAA8LRdYN
Annalise,Horse,Female,Snooty,Fashion,2-Dec,nipper,Aloha K.K.,Elegant,Active,Blue,Purple,tropical vista,yellow floral flooring,hrs09,88YKJKvjin32GeG4H
Antonio,Anteater,Male,Jock,Fitness,20-Oct,honk,K.K. Ragtime,Simple,Simple,Light blue,Blue,starry wall,wooden-knot flooring,ant01,RQNii4nDE2AWswpgE
Apollo,Eagle,Male,Cranky,Music,4-Jul,pah,K.K. Rock,Cool,Simple,Black,Black,shutter wall,slate flooring,pbr00,25sZq7NjGGADiEXtR
Apple,Hamster,Female,Peppy,Play,24-Sep,cheekers,I Love You,Cute,Simple,Colorful,Red,apple wall,simple white flooring,ham01,bEHwPJ3GBDZaNE4Bd
Astrid,Kangaroo,Female,Snooty,Music,8-Sep,my pet,K.K. Gumbo,Cool,Active,Black,Colorful,backyard-fence wall,backyard lawn,kgr05,qrki2afmbkBQ6DbmZ
Audie,Wolf,Female,Peppy,Fitness,31-Aug,foxtrot,K.K. Island,Cute,Active,Green,White,tropical vista,green floral flooring,wol12,2tufzN7iwjncqLu7Y
Aurora,Penguin,Female,Normal,Education,27-Jan,b-b-baby,Stale Cupcakes,Cute,Elegant,Pink,Red,ice wall,ice flooring,pgn00,CXt3MBoeCZXXSRS7B
Ava,Chicken,Female,Normal,Music,28-Apr,beaker,K.K. Love Song,Elegant,Cute,Red,Gray,white-rose wall,simple white flooring,chn05,93emjZzaaLb7BdkSn
Avery,Eagle,Male,Cranky,Music,22-Feb,skree-haw,K.K. Condor,Simple,Gorgeous,Orange,Brown,western vista,rocky-mountain flooring,pbr05,SKF5NqPPqzjL7dEng
Axel,Elephant,Male,Jock,Fitness,23-Mar,WHONK,K.K. Dixie,Active,Simple,Green,White,blue playroom wall,blue rubber flooring,elp06,K3aj3w7fLcMETyuzf
Baabara,Sheep,Female,Snooty,Fashion,28-Mar,daahling,K.K. Cruisin',Gorgeous,Elegant,Purple,Blue,stormy-night wall,brown iron-parquet flooring,shp01,LAWZdKWcejrkbikco
Bam,Deer,Male,Jock,Play,7-Nov,kablang,K.K. Blues,Active,Simple,Green,Brown,concrete wall,blue rubber flooring,der01,2yvPukPn4ZSamngmb
Bangle,Tiger,Female,Peppy,Fashion,27-Aug,growf,K.K. Soul,Gorgeous,Cute,Yellow,Green,yellow intricate wall,blue floral flooring,tig03,DvL5iP2kNCNfwc6Mv
Barold,Cub,Male,Lazy,Play,2-Mar,cubby,K.K. Song,Simple,Cool,Yellow,Black,security-monitors wall,monochromatic tile flooring,cbr16,6qZJQFWqeCHzPNyEZ
Bea,Dog,Female,Normal,Nature,15-Oct,bingo,Drivin',Simple,Cool,Light blue,Green,blackboard wall,cork flooring,dog10,DkqHjENW8fRBE9uxG
Beardo,Bear,Male,Smug,Education,27-Sep,whiskers,K.K. Milonga,Elegant,Elegant,Brown,Blue,blue-crown wall,simple purple flooring,bea13,3XoqTm3LW4C4BvLBt
Beau,Deer,Male,Lazy,Nature,5-Apr,saltlick,Mountain Song,Simple,Cute,Beige,Orange,meadow vista,daisy meadow,der07,zbkkW8wWbmyGAZauv
Becky,Chicken,Female,Snooty,Music,9-Dec,chicklet,K.K. Chorale,Gorgeous,Elegant,Purple,Pink,palace wall,palace tile,chn09,D7Atj8BuHK6mgwwvZ
Bella,Mouse,Female,Peppy,Music,28-Dec,eeks,K.K. Metal,Cool,Active,Black,Purple,concrete wall,skull-print flooring,mus02,hu4qewj6YKKmzMpYL
Benedict,Chicken,Male,Lazy,Play,10-Oct,uh-hoo,I Love You,Simple,Simple,Blue,Purple,backyard-fence wall,backyard lawn,chn01,BjcoELiTM3m8StExF
Benjamin,Dog,Male,Lazy,Nature,3-Aug,alrighty,Mr. K.K.,Simple,Simple,Red,White,common wall,common flooring,dog16,wgb64Mp6XbFS2CPwj
Bertha,Hippo,Female,Normal,Education,25-Apr,bloop,Two Days Ago,Cute,Elegant,Pink,White,white-rose wall,rose flooring,hip03,oMQnY9fuzdtPweuLi
Bettina,Mouse,Female,Normal,Education,12-Jun,eekers,Animal City,Simple,Elegant,White,Red,blackboard wall,birch flooring,mus15,r9JpujcMdgTRABad9
Bianca,Tiger,Female,Peppy,Play,13-Dec,glimmer,K.K. House,Cute,Cute,Pink,Orange,white-brick wall,leopard-print flooring,tig06,KGECko2WSNbQp4oRY
Biff,Hippo,Male,Jock,Fitness,29-Mar,squirt,The K. Funk,Gorgeous,Active,Black,Blue,street-art wall,paintball flooring,hip04,sT2KXbN2N3dqB6aaN
Big Top,Elephant,Male,Lazy,Play,3-Oct,villain,Go K.K. Rider,Simple,Active,Green,Green,construction-site wall,steel flooring,elp02,o2NPbZGfMvTD7Se5i
Bill,Duck,Male,Jock,Play,1-Feb,quacko,Imperial K.K.,Active,Active,Blue,Purple,bamboo-screen wall,bamboo flooring,duk00,hcnPuswvHJykZw7BX
Billy,Goat,Male,Jock,Play,25-Mar,dagnaabit,K.K. Song,Simple,Active,Blue,Purple,manga-library wall,garbage-heap flooring,goa02,dqEHTSBSx5iLhGiSC
Biskit,Dog,Male,Lazy,Play,13-May,dawg,K.K. Mambo,Gorgeous,Simple,Purple,Colorful,backyard-fence wall,backyard lawn,dog03,nfeef6XSSstGwrbWo
Bitty,Hippo,Female,Snooty,Education,6-Oct,my dear,K.K. Disco,Cute,Elegant,Pink,Orange,gray molded-panel wall,lobby flooring,hip05,JGyY83aN4ocBGZs8s
Blaire,Squirrel,Female,Snooty,Fashion,3-Jul,nutlet,K.K. Bossa,Gorgeous,Elegant,Orange,Brown,arched-window wall,gold iron-parquet flooring,squ01,SjArzqyvbHAbgRz8D
Blanche,Ostrich,Female,Snooty,Nature,21-Dec,quite so,K.K. Jongara,Elegant,Gorgeous,Black,Brown,standard tearoom wall,tatami flooring,ost08,2B4NDzz69JKjjqF9o
Bluebear,Cub,Female,Peppy,Fashion,24-Jun,peach,Only Me,Cute,Simple,White,Blue,blue simple-cloth wall,blue dot flooring,cbr00,ytYM52sRa4vhWW9cF
Bob,Cat,Male,Lazy,Play,1-Jan,pthhpth,Neapolitan,Simple,Cute,Colorful,Red,blue playroom wall,colorful puzzle flooring,cat00,KijzbrvT4obqCnBTw
Bonbon,Rabbit,Female,Peppy,Play,3-Mar,deelish,Bubblegum K.K.,Cute,Elegant,Light blue,Yellow,cute yellow wall,white-paint flooring,rbt17,yEQijXt6x8kQxdTrD
Bones,Dog,Male,Lazy,Play,4-Aug,yip yip,K.K. Étude,Simple,Cute,Beige,Brown,classic-library wall,light wood-pattern flooring,dog04,Y3F5fcfjvypECTqSm
Boomer,Penguin,Male,Lazy,Fitness,7-Feb,human,Farewell,Simple,Cool,Brown,Beige,iceberg wall,iceberg flooring,pgn10,jqR8knKhx3kGYTSSd
Boone,Gorilla,Male,Jock,Fitness,12-Sep,baboom,Mountain Song,Elegant,Cool,Colorful,Red,cabin wall,wooden-knot flooring,gor02,ZgTh9dkb3k36EPZ4o
Boots,Alligator,Male,Jock,Play,7-Aug,munchie,Wandering,Gorgeous,Active,Colorful,Purple,rice-paddy wall,dirt flooring,crd02,xEt4yY9KCa4KoERfM
Boris,Pig,Male,Cranky,Nature,6-Nov,schnort,K.K. Oasis,Cool,Gorgeous,Purple,Black,ancient wall,rocky-mountain flooring,pig09,KRpDTZHnRjL2jn4H6
Boyd,Gorilla,Male,Cranky,Fitness,1-Oct,uh-oh,K.K. Groove,Simple,Cool,Red,Black,tree-lined wall,sidewalk flooring,gor05,qmod2zJ2CrQtqzrxw
Bree,Mouse,Female,Snooty,Fashion,7-Jul,cheeseball,K.K. Bossa,Elegant,Gorgeous,Black,Blue,white botanical-tile wall,blue desert-tile flooring,mus03,6khpEinhKwWjzZh9S
Broccolo,Mouse,Male,Lazy,Play,30-Jun,eat it,I Love You,Simple,Cute,Colorful,Yellow,blue playroom wall,pastel puzzle flooring,mus12,yH5PZX3bdHRRxhCCX
Broffina,Chicken,Female,Snooty,Music,24-Oct,cluckadoo,K.K. Flamenco,Gorgeous,Elegant,Black,Red,purple desert-tile wall,rosewood flooring,chn12,XSjgXrChHy9Trd5Pa
Bruce,Deer,Male,Cranky,Nature,26-May,gruff,K.K. Blues,Cool,Simple,Black,Red,street-art wall,paintball flooring,der03,dzo5NgALeJ73j3sNd
Bubbles,Hippo,Female,Peppy,Fashion,18-Sep,hipster,K.K. Stroll,Active,Cute,Purple,Pink,perforated-board wall,pine-board flooring,hip02,K4k5ieRWQieA6Fqm8
Buck,Horse,Male,Jock,Fitness,4-Apr,pardner,My Place,Active,Simple,Gray,Brown,pastel dotted wall,green vinyl flooring,hrs00,Xi74RYjLgeBB8vopx
Bud,Lion,Male,Jock,Fitness,8-Aug,shredded,Aloha K.K.,Active,Simple,Green,Yellow,tropical vista,sandy-beach flooring,lon00,WhJYGJgSfLF4ySXhh
Bunnie,Rabbit,Female,Peppy,Fashion,9-May,tee-hee,Forest Life,Cute,Cute,Green,Pink,purple dotted wall,white-paint flooring,rbt00,XNBZBNmNXxC5bxz4t
Butch,Dog,Male,Cranky,Music,1-Nov,ROOOOOWF,K.K. Western,Cool,Simple,Blue,Gray,western vista,highway flooring,dog01,NPbD69TfvJAorLZ9a
Buzz,Eagle,Male,Cranky,Nature,7-Dec,captain,Drivin',Simple,Active,Yellow,Red,summit wall,parking flooring,pbr03,LWLRkHDisDgGdJ5ju
Cally,Squirrel,Female,Normal,Nature,4-Sep,WHEE,K.K. Stroll,Cute,Elegant,Red,Green,backyard-fence wall,daisy meadow,squ11,DvkaYEh9vM2SXJLCc
Camofrog,Frog,Male,Cranky,Music,5-Jun,ten-hut,K.K. Safari,Cool,Active,Blue,White,jungle wall,camo flooring,flg03,5akmmJeoXXhcpdf8e
Canberra,Koala,Female,Big Sister,Play,14-May,nuh uh,K.K. Island,Active,Cool,Green,Light blue,tropical vista,starry-sands flooring,kal08,ugiHobiK9QnmA22ym
Candi,Mouse,Female,Peppy,Play,13-Apr,sweetie,Neapolitan,Simple,Cute,Light blue,Yellow,white painted-wood wall,mint dot flooring,mus08,4CimNs6T9nDNQuiYH
Carmen,Rabbit,Female,Peppy,Fashion,6-Jan,nougat,K.K. Stroll,Elegant,Cute,Green,Beige,cute white wall,mint dot flooring,rbt16,pAFu4JyZ333Ysoezk
Caroline,Squirrel,Female,Normal,Music,15-Jul,hulaaaa,Pondering,Cute,Gorgeous,Colorful,White,manga-library wall,wooden-knot flooring,squ06,Th3uHvMcYaf9eT2Df
Carrie,Kangaroo,Female,Normal,Nature,5-Dec,little one,I Love You,Cute,Cute,Red,Colorful,yellow playroom wall,cork flooring,kgr02,igeZhX3Fqa8LdKEra
Cashmere,Sheep,Female,Snooty,Fashion,2-Apr,baaaby,Farewell,Gorgeous,Elegant,Purple,Beige,rustic-stone wall,slate flooring,shp04,dnRDXd86NcXDNHyf4
Celia,Eagle,Female,Normal,Nature,25-Mar,feathers,K.K. Soul,Elegant,Cute,Pink,Green,white botanical-tile wall,light herringbone flooring,pbr09,L8cCZBvY4JW4KsDGy
Cesar,Gorilla,Male,Cranky,Fitness,6-Sep,highness,K.K. Cruisin',Cool,Elegant,Blue,Light blue,cityscape wall,simple blue flooring,gor00,pDKMq8PfxWLXWrsvT
Chadder,Mouse,Male,Smug,Fitness,15-Dec,fromage,K.K. Soul,Elegant,Gorgeous,Black,Gray,cityscape wall,dark wood-pattern flooring,mus18,4BLXuRhdjJ9TzvRyA
Charlise,Bear,Female,Big Sister,Fitness,17-Apr,urgh,Mr. K.K.,Active,Cute,Red,Orange,tree-lined wall,racetrack flooring,bea12,QqCXo64EBwXSrukSr
Cheri,Cub,Female,Peppy,Fashion,17-Mar,tralala,K.K. Disco,Simple,Cute,Yellow,Light blue,red dotted wall,simple white flooring,cbr10,MpumYkzF382cPoRt5
Cherry,Dog,Female,Big Sister,Music,11-May,what what,K.K. D&B,Cool,Elegant,Black,Purple,cityscape wall,skull-print flooring,dog17,tafi3Cfsf4wbwC9LW
Chester,Cub,Male,Lazy,Play,6-Aug,rookie,Imperial K.K.,Simple,Simple,Yellow,Green,bamboo-grove wall,bamboo flooring,cbr15,46bDn76rBA3hNjFZu
Chevre,Goat,Female,Normal,Education,6-Mar,la baa,K.K. Chorale,Cute,Elegant,Red,Pink,white botanical-tile wall,black iron-parquet flooring,goa00,XutRmNyAP4NogwPaR
Chief,Wolf,Male,Cranky,Music,19-Dec,harrumph,Rockin' K.K.,Cool,Simple,White,Gray,street-art wall,paintball flooring,wol00,d3STnZCPAxLzrEzMd
Chops,Pig,Male,Smug,Education,13-Oct,zoink,K.K. Moody,Gorgeous,Elegant,Red,Green,black-crown wall,simple red flooring,pig14,8t9Bc5vqJ2vbtcjf5
Chow,Bear,Male,Cranky,Fitness,22-Jul,aiya,Imperial K.K.,Cool,Gorgeous,Black,White,bamboo-grove wall,bamboo flooring,bea03,M3LhuYKZCmR5K9ckA
Chrissy,Rabbit,Female,Peppy,Fashion,28-Aug,sparkles,Bubblegum K.K.,Cute,Cute,Pink,White,red dotted wall,cute red-tile flooring,rbt13,pYMsB8AHagkRht8RX
Claude,Rabbit,Male,Lazy,Nature,3-Dec,hopalong,Pondering,Simple,Simple,Black,Colorful,manga-library wall,simple white flooring,rbt11,PPFtt3uWkRQNMg2tZ
Claudia,Tiger,Female,Snooty,Music,22-Nov,ooh la la,K.K. Synth,Gorgeous,Elegant,Purple,White,cityscape wall,simple red flooring,tig05,xCyuFvwryTntgPgvW
Clay,Hamster,Male,Lazy,Nature,19-Oct,thump,K.K. Safari,Elegant,Simple,Beige,Brown,dig-site wall,dig-site flooring,ham05,K9s2bvx54sfHw8mZ8
Cleo,Horse,Female,Snooty,Education,9-Feb,sugar,K.K. Fusion,Cute,Elegant,Light blue,White,office wall,monochromatic tile flooring,hrs07,XwxskQMt5rJT8EnH5
Clyde,Horse,Male,Lazy,Play,1-May,clip clawp,Neapolitan,Simple,Cute,Green,White,orange wall,birch flooring,hrs10,2iBqzRfTRaddw2EXi
Coach,Bull,Male,Jock,Fitness,29-Apr,stubble,Mr. K.K.,Active,Active,Blue,Red,chain-link fence,racetrack flooring,bul07,mYwCLsd8MxLwWALjQ
Cobb,Pig,Male,Jock,Education,7-Oct,hot dog,Pondering,Simple,Active,White,Blue,gray shanty wall,concrete flooring,pig08,mTNPvAaoYMmPndYnm
Coco,Rabbit,Female,Normal,Education,1-Mar,doyoing,K.K. Jongara,Simple,Cute,Beige,Green,rammed-earth wall,floral rush-mat flooring,rbt02,2g7sGcTtHcJeWtwNM
Cole,Rabbit,Male,Lazy,Nature,10-Aug,coooooool,K.K. Faire,Simple,Cute,Orange,Colorful,tropical vista,sandy-beach flooring,rbt18,YaWjP3XtbFqn8YPNd
Colton,Horse,Male,Smug,Nature,22-May,check it,K.K. Chorale,Gorgeous,Elegant,Blue,Red,palace wall,palace tile,hrs11,GgsrLhmh3FL4ZiAPB
Cookie,Dog,Female,Peppy,Fashion,18-Jun,arfer,Bubblegum K.K.,Cute,Cute,Green,Light blue,pink quilt wall,birch flooring,dog08,YvNrsTEJsqkpdRNqL
Cousteau,Frog,Male,Jock,Fitness,17-Dec,oui oui,Imperial K.K.,Elegant,Gorgeous,Green,Red,exquisite wall,imperial tile,flg10,XPhZym7Wxu926eLD8
Cranston,Ostrich,Male,Lazy,Nature,23-Sep,sweatband,K.K. Faire,Simple,Cool,Beige,Brown,white subway-tile wall,stone tile,ost06,Wbivs7b7D3NZ7q9y9
Croque,Frog,Male,Cranky,Nature,18-Jul,as if,K.K. Folk,Elegant,Cool,Red,Orange,autumn wall,colored-leaves flooring,flg17,SqHZjtuNfu7DAXYDE
Cube,Penguin,Male,Lazy,Play,29-Jan,brainfreeze,Farewell,Simple,Cute,Yellow,Colorful,snowflake wall,simple white flooring,pgn02,YskkqbSnYwCh63Sru
Curlos,Sheep,Male,Smug,Nature,8-May,shearly,K.K. Salsa,Active,Gorgeous,Red,Green,wild-wood wall,dark herringbone flooring,shp08,B6tM7dBSpcaMrAGrF
Curly,Pig,Male,Jock,Fitness,26-Jul,nyoink,K.K. Reggae,Simple,Active,Yellow,Colorful,common wall,wooden-knot flooring,pig00,kRGwwKyoSLKh9g2Tk
Curt,Bear,Male,Cranky,Nature,1-Jul,fuzzball,Comrade K.K.,Cool,Cool,Blue,White,chain-link fence,sandlot,bea02,w7y7v3w49B7KkDXbg
Cyd,Elephant,Male,Cranky,Music,9-Jun,rockin',K.K. Metal,Cool,Active,Black,Yellow,skull wall,skull-print flooring,elp12,edCh8EDStBMbyskYa
Cyrano,Anteater,Male,Cranky,Education,9-Mar,ah-CHOO,K.K. Lament,Cool,Active,Yellow,Beige,shoji screen,tatami,ant00,JaNDeYdAuiJCYZbAx
Daisy,Dog,Female,Normal,Education,16-Nov,bow-WOW,Forest Life,Simple,Cute,Colorful,Blue,blue blossoming wall,simple white flooring,dog07,2u92atfG2uMg2J8sS
Deena,Duck,Female,Normal,Education,27-Jun,woowoo,Mr. K.K.,Simple,Cute,Colorful,Blue,perforated-board wall,natural-block flooring,duk04,dXBazBPxXu9QGrAzM
Deirdre,Deer,Female,Big Sister,Play,4-May,whatevs,K.K. Bossa,Simple,Simple,Orange,Orange,autumn wall,colored-leaves flooring,der04,ibnMhhdYMGHYr9RAZ
Del,Alligator,Male,Cranky,Fitness,27-May,gronk,Pondering,Cool,Simple,Blue,White,industrial wall,ship deck,crd04,Eqn3ZXJtMBrEYtm7u
Deli,Monkey,Male,Lazy,Nature,24-May,monch,K.K. Étude,Gorgeous,Elegant,Purple,Brown,blue simple-cloth wall,simple blue flooring,mnk08,zh7aML2hmMKy5bbiR
Derwin,Duck,Male,Lazy,Play,25-May,derrrr,K.K. Stroll,Simple,Elegant,Yellow,Beige,backyard-fence wall,backyard lawn,duk08,nBcDHyXheHurcisiL
Diana,Deer,Female,Snooty,Education,4-Jan,no doy,Farewell,Elegant,Gorgeous,Purple,Pink,white botanical-tile wall,stone tile,der08,QGyW9QJjjxo3jta6j
Diva,Frog,Female,Big Sister,Fitness,2-Oct,ya know,K.K. Oasis,Gorgeous,Elegant,Purple,Light blue,ancient wall,rocky-mountain flooring,flg18,FmQ9x68HncTm8vdsG
Dizzy,Elephant,Male,Lazy,Play,14-Jul,woo-oo,Two Days Ago,Simple,Simple,Yellow,Blue,yellow playroom wall,backyard lawn,elp01,vthzJrsaM6Y7dykA5
Dobie,Wolf,Male,Cranky,Nature,17-Feb,ohmmm,Agent K.K.,Simple,Cool,Brown,Beige,classic-library wall,dark herringbone flooring,wol04,YjMXvmH5eovNYShdE
Doc,Rabbit,Male,Lazy,Education,16-Mar,old bunny,Pondering,Simple,Elegant,Gray,Beige,classic-library wall,dark-block flooring,rbt10,iasth9JRLdRvLzuQ7
Dom,Sheep,Male,Jock,Play,18-Mar,indeedaroo,K.K. Country,Active,Cute,Red,Colorful,backyard-fence wall,backyard lawn,shp15,T6YJZ7vj2X52zmDcp
Dora,Mouse,Female,Normal,Education,18-Feb,squeaky,K.K. Faire,Simple,Elegant,Blue,Light blue,dojo wall,floral rush-mat flooring,mus00,9Qpj5fqp4E8PvGGFw
Dotty,Rabbit,Female,Peppy,Fashion,14-Mar,wee one,Drivin',Simple,Cute,Blue,Black,green intricate wall,pine-board flooring,rbt01,CRMJaAokcTnrXsQdp
Drago,Alligator,Male,Lazy,Nature,12-Feb,burrrn,Imperial K.K.,Elegant,Gorgeous,Orange,Red,imperial wall,imperial tile,crd08,qjqzytG4LCEoong4w
Drake,Duck,Male,Lazy,Play,25-Jun,quacko,K.K. Blues,Cool,Simple,Brown,Red,cabin wall,common flooring,duk09,CKAsCWnKjfQYG8R7v
Drift,Frog,Male,Jock,Fitness,9-Oct,dribbit,K.K. Metal,Simple,Active,Orange,Red,gray shanty wall,skull-print flooring,flg04,gf6jM4si5zSEFjf9w
Ed,Horse,Male,Smug,Nature,16-Sep,greenhorn,K.K. Ballad,Gorgeous,Elegant,Black,Gray,blue delicate-blooms wall,rosewood flooring,hrs06,JmHu7aFcqj9hxKupZ
Egbert,Chicken,Male,Lazy,Play,14-Oct,doodle-duh,Lucky K.K.,Simple,Simple,Beige,Brown,cabin wall,wooden-knot flooring,chn02,jRwtNxCCWuznSMCZy
Elise,Monkey,Female,Snooty,Fashion,21-Mar,puh-lease,K.K. Bossa,Elegant,Gorgeous,Purple,Red,abstract wall,simple purple flooring,mnk05,taRZ4jRFMGPkxCZo4
Ellie,Elephant,Female,Normal,Nature,12-May,li'l one,K.K. Ballad,Simple,Cute,Gray,Pink,beige art-deco wall,rose flooring,elp07,odt2kdswLHE2YMkQd
Elmer,Horse,Male,Lazy,Play,5-Oct,tenderfoot,K.K. Country,Simple,Cool,Blue,White,backyard-fence wall,backyard lawn,hrs03,LcRhQqeH8u7PboJ73
Eloise,Elephant,Female,Snooty,Fashion,8-Dec,tooooot,K.K. Soul,Elegant,Simple,Green,Orange,yellow intricate wall,brown floral flooring,elp03,6QughAEZFkYZ5vKpw
Elvis,Lion,Male,Cranky,Education,23-Jul,unh-hunh,K.K. Casbah,Gorgeous,Elegant,Red,Black,palace wall,palace tile,lon01,4jYpCpw9nooMZHR8s
Erik,Deer,Male,Lazy,Nature,27-Jul,chow down,Drivin',Simple,Simple,Beige,Red,ski-slope wall,ski-slope flooring,der09,BJcXu5LtRBo8DdZ2v
Eugene,Koala,Male,Smug,Music,26-Oct,yeah buddy,Agent K.K.,Cool,Gorgeous,Black,Gray,office wall,monochromatic tile flooring,kal10,2XX9mSSzxEhwXMi4f
Eunice,Sheep,Female,Normal,Fashion,3-Apr,lambchop,K.K. Disco,Simple,Elegant,Beige,Orange,blue tile wall,blue rubber flooring,shp02,dbAfEFetNQpXajtch
Fang,Wolf,Male,Cranky,Education,18-Dec,cha-chomp,K.K. Steppe,Simple,Cool,White,Light blue,arched-window wall,brown honeycomb tile,wol06,PFvvq6NGpsRgCwg2z
Fauna,Deer,Female,Normal,Nature,26-Mar,dearie,K.K. Stroll,Simple,Cute,Beige,White,red-brick wall,mint dot flooring,der00,kB5jGQAqkLnh8LxWy
Felicity,Cat,Female,Peppy,Fashion,30-Mar,mimimi,K.K. Stroll,Cute,Cute,Yellow,Orange,backyard-fence wall,daisy meadow,cat17,ygF99DNm88JRXvKLi
Filbert,Squirrel,Male,Lazy,Nature,3-Jun,bucko,Stale Cupcakes,Simple,Cute,Blue,White,starry-sky wall,blue dot flooring,squ02,ffo6sBoX9fkMB4bem
Flip,Monkey,Male,Jock,Music,21-Nov,rerack,K.K. Rally,Active,Simple,Blue,Yellow,cherry-blossom-trees wall,gravel flooring,mnk06,ADkNZkrRxdSrfGFH8
Flo,Penguin,Female,Big Sister,Music,2-Sep,cha,Space K.K.,Cool,Gorgeous,Red,Purple,ice wall,ice flooring,pgn13,6cB5T5yZtevY6d2jp
Flora,Ostrich,Female,Peppy,Play,9-Feb,pinky,K.K. Condor,Cute,Active,Colorful,Pink,meadow vista,oasis flooring,ost09,eDX52Zi7H7qifrwYm
Flurry,Hamster,Female,Normal,Nature,30-Jan,powderpuff,Hypno K.K.,Elegant,Cute,Red,Pink,beige blossoming wall,arabesque flooring,ham06,B4cpBYrewfSK3WN6M
Francine,Rabbit,Female,Snooty,Fashion,22-Jan,karat,K.K. Cruisin',Elegant,Gorgeous,Blue,Black,cute blue wall,blue dot flooring,rbt12,eJZX7wDRYqatmKBKr
Frank,Eagle,Male,Cranky,Education,30-Jul,crushy,K.K. Casbah,Gorgeous,Cool,Brown,Yellow,gray shanty wall,boxing-ring mat,pbr06,8BgXtjz2mfGBrZwCm
Freckles,Duck,Female,Peppy,Fashion,19-Feb,ducky,Marine Song 2001,Simple,Cute,Green,Colorful,lattice wall,bamboo flooring,duk07,AcYKxih6FpRRyZDs4
Freya,Wolf,Female,Snooty,Fashion,14-Dec,uff da,Lucky K.K.,Elegant,Cool,Green,Blue,heavy-curtain wall,rose flooring,wol05,qyoMuqvPA4Wqp3Ybn
Friga,Penguin,Female,Snooty,Fashion,16-Oct,brrrmph,Farewell,Elegant,Gorgeous,Pink,Black,white subway-tile wall,stone tile,pgn04,uk9DGWqzxRT4TEJbm
Frita,Sheep,Female,Big Sister,Music,16-Jul,oh ewe,K.K. Rockabilly,Active,Cute,Yellow,Red,pink diner wall,yellow floral flooring,shp11,79EahCMHHzp3BwH7x
Frobert,Frog,Male,Jock,Fitness,8-Feb,fribbit,K.K. Ragtime,Active,Simple,Blue,Colorful,green playroom wall,green vinyl flooring,flg02,YXidGR87Fi7mov7Po
Fuchsia,Deer,Female,Big Sister,Music,19-Sep,precious,K.K. Rock,Cool,Cool,Pink,Pink,pink shanty wall,brown floral flooring,der06,Z98WrodjQxXZAACLA
Gabi,Rabbit,Female,Peppy,Fashion,16-Dec,honeybun,Neapolitan,Cute,Gorgeous,Brown,Red,beaded-curtain wall,orange retro flooring,rbt05,WC97mFMgiZixDfcRZ
Gala,Pig,Female,Normal,Education,5-Mar,snortie,Animal City,Cute,Elegant,Pink,White,stately wall,light wood-pattern flooring,pig13,84NHBxaLCDPy48Xpx
Gaston,Rabbit,Male,Cranky,Education,28-Oct,mon chou,K.K. Song,Simple,Gorgeous,Brown,Orange,ramshackle wall,ramshackle flooring,rbt04,5TXosg4PLkG4jZ3AD
Gayle,Alligator,Female,Normal,Nature,17-May,snacky,Bubblegum K.K.,Cute,Cute,Pink,White,pink quilt wall,pine-board flooring,crd07,HY5swi9u3np5LyR8Q
Genji,Rabbit,Male,Jock,Fitness,21-Jan,mochi,King K.K.,Elegant,Simple,Green,Purple,gold-screen wall,mossy-garden flooring,rbt08,zFPwakzpAr8fmL4FM
Gigi,Frog,Female,Snooty,Fashion,11-Aug,ribbette,K.K. Swing,Gorgeous,Elegant,Black,White,purple-rose wall,purple desert-tile flooring,flg16,QX93pNfztrLZvLxdC
Gladys,Ostrich,Female,Normal,Education,15-Jan,stretch,K.K. Folk,Elegant,Cute,Green,Pink,shoji screen,tatami,ost01,ZSLn6jgRc5W4oZA4f
Gloria,Duck,Female,Snooty,Fashion,12-Aug,quacker,Animal City,Gorgeous,Elegant,Black,Gray,café-curtain wall,sidewalk flooring,duk15,7iiegnbmMRDeDaC3t
Goldie,Dog,Female,Normal,Nature,27-Dec,woof,K.K. Bossa,Simple,Cute,Yellow,Orange,modern wood wall,light parquet flooring,dog00,RdpZtkYzLeivKyx7Z
Gonzo,Koala,Male,Cranky,Nature,13-Oct,mate,Surfin' K.K.,Simple,Cool,Black,Green,cabin wall,wooden-knot flooring,kal04,SFkpDu8Bxgot4ShcP
Goose,Chicken,Male,Jock,Fitness,4-Oct,buh-kay,K.K. Country,Simple,Active,Blue,White,green painted-wood wall,artsy parquet flooring,chn00,5iSyoeFknLsoYManw
Graham,Hamster,Male,Smug,Education,20-Jun,indeed,Bubblegum K.K.,Simple,Cool,Green,Orange,server-room wall,monochromatic tile flooring,ham02,D86CPtiT7ssiFexPE
Greta,Mouse,Female,Snooty,Education,5-Sep,yelp,Comrade K.K.,Elegant,Simple,Pink,Purple,modern shoji-screen wall,common flooring,mus16,jKZuhKCACcaqpDCNQ
Grizzly,Bear,Male,Cranky,Education,31-Jul,grrr,K.K. Condor,Cool,Simple,Red,Black,starry-sky wall,Saharah's desert,bea09,ePDrk4wsbfZAu4rA3
Groucho,Bear,Male,Cranky,Music,23-Oct,grumble,K.K. Metal,Cool,Simple,Black,Gray,gray shanty wall,skull-print flooring,bea06,QC3CiJqhhcm9WpAho
Gruff,Goat,Male,Cranky,Music,29-Aug,bleh eh eh,K.K. Rockabilly,Cool,Gorgeous,Purple,Black,rustic-stone wall,gray vinyl flooring,goa04,oTGj76upYyWRcG34C
Gwen,Penguin,Female,Snooty,Fashion,23-Jan,h-h-h-hon,Drivin',Gorgeous,Elegant,Green,White,ice wall,ice flooring,pgn05,jFBkwJJrXK4mJ2giR
Hamlet,Hamster,Male,Jock,Play,30-May,hammie,K.K. Reggae,Simple,Active,Purple,Blue,blue playroom wall,colorful puzzle flooring,ham00,LA2HHrtZ6beHgmKpL
Hamphrey,Hamster,Male,Cranky,Nature,25-Feb,snort,Comrade K.K.,Cool,Simple,Gray,Beige,screen wall,rush tatami,ham07,bp3ns8FmZnYBL7CqD
Hans,Gorilla,Male,Smug,Fitness,5-Dec,groovy,K.K. Sonata,Elegant,Gorgeous,Gray,Blue,ski-slope wall,ski-slope flooring,gor10,rAgKSRJPoazkBPS5d
Harry,Hippo,Male,Cranky,Education,7-Jan,beach bum,K.K. Rally,Cool,Simple,Green,Orange,aqua tile wall,white mosaic-tile flooring,hip08,dtAkeJzvhPfGXH7pk
Hazel,Squirrel,Female,Big Sister,Play,30-Aug,uni-wow,DJ K.K.,Active,Cute,Red,Yellow,dojo wall,wooden-knot flooring,squ18,PfTkvEmpjE2HR3SeD
Henry,Frog,Male,Smug,Music,21-Sep,snoozit,K.K. Soul,Cool,Simple,Light blue,Blue,rustic-stone wall,modern wood flooring,flg19,RNats2ap2rGvbdcKn
Hippeux,Hippo,Male,Smug,Education,15-Oct,natch,K.K. Sonata,Elegant,Gorgeous,Brown,Green,arched-window wall,dark herringbone flooring,hip09,WjAPWpCx6bTjKiZjw
Hopkins,Rabbit,Male,Lazy,Nature,11-Mar,thumper,Pondering,Simple,Active,Blue,Yellow,concrete wall,cool vinyl flooring,rbt14,EeTwHAQeWyShyg7pm
Hopper,Penguin,Male,Cranky,Music,6-Apr,slushie,Comrade K.K.,Cool,Simple,Yellow,Red,iceberg wall,iceberg flooring,pgn03,FP3bdBM2RSjWTXYHK
Hornsby,Rhino,Male,Lazy,Nature,20-Mar,schnozzle,K.K. Lament,Simple,Simple,Green,Brown,dirt-clod wall,rush tatami,rhn04,KuDi35nStc6mtd3F8
Huck,Frog,Male,Smug,Fitness,9-Jul,hopper,To The Edge,Simple,Cool,Green,Yellow,straw wall,dirt flooring,flg11,KWx6zRZpPoaQy2PMD
Hugh,Pig,Male,Lazy,Play,30-Dec,snortle,My Place,Simple,Active,Beige,Yellow,blue playroom wall,colorful puzzle flooring,pig03,Ko7gAjWQAY3PY5DLi
Iggly,Penguin,Male,Jock,Fitness,2-Nov,waddler,I Love You,Active,Simple,Red,Blue,ice wall,ice flooring,pgn11,qZtYZEyzeZv2qhoJD
Ike,Bear,Male,Cranky,Nature,16-May,roadie,K.K. Rock,Cool,Cool,Green,Blue,shutter wall,steel flooring,bea11,BvhNkdNxf2kJue7kp
Jacob,Bird,Male,Lazy,Nature,24-Aug,ya feel,K.K. Song,Simple,Simple,Green,Red,garbage-heap wall,garbage-heap flooring,brd11,HBYP4stJTe3eGEepn
Jacques,Bird,Male,Smug,Music,22-Jun,zut alors,K.K. Technopop,Cool,Simple,Green,Black,concrete wall,steel flooring,brd16,sXDhuuCThhtuQRDAe
Jambette,Frog,Female,Normal,Fashion,27-Oct,croak-kay,K.K. Cruisin',Cool,Cool,Brown,Brown,botanical-tile wall,rosewood flooring,flg13,9bG8kLsEtaodApHoX
Jay,Bird,Male,Jock,Fitness,17-Jul,heeeeeyy,K.K. Country,Active,Active,Blue,Light blue,stacked-wood wall,rosewood flooring,brd00,zv7EfaEb2TnPwmQxe
Jeremiah,Frog,Male,Lazy,Play,8-Jul,nee-deep,Hypno K.K.,Simple,Simple,Orange,Yellow,blue playroom wall,blue dot flooring,flg07,Z9mmrgQ578rPeLdjp
Jitters,Bird,Male,Jock,Fitness,2-Feb,bzzert,K.K. Adventure,Active,Active,Yellow,Orange,stadium wall,backyard lawn,brd04,TksYZm8hEYAeDWD2X
Joey,Duck,Male,Lazy,Play,3-Jan,bleeeeeck,Marine Song 2001,Simple,Simple,Green,Blue,tropical vista,sandy-beach flooring,duk01,EkpmSi299YR9BP96Y
Judy,Cub,Female,Snooty,Music,10-Mar,myohmy,K.K. Lullaby,Cute,Elegant,Pink,White,starry wall,blue dot flooring,cbr19,nEbMBNS4EztR8Ysxv
Julia,Ostrich,Female,Snooty,Education,31-Jul,dahling,K.K. Sonata,Elegant,Gorgeous,Purple,Red,green molded-panel wall,simple blue flooring,ost05,z8F5zPavZfhe6xqEi
Julian,Horse,Male,Smug,Music,15-Mar,glitter,Space K.K.,Gorgeous,Cool,Purple,Blue,starry-sky wall,cloud flooring,hrs13,CqhXFKr8hdfYSYpRA
June,Cub,Female,Normal,Nature,21-May,rainbow,K.K. Island,Cute,Simple,White,Red,ocean-horizon wall,starry-sands flooring,cbr13,kYaqSE3C2y7EYSXfi
Kabuki,Cat,Male,Cranky,Music,29-Nov,meooo-OH,K.K. Jongara,Simple,Simple,Purple,Red,dojo wall,tatami,cat09,d2DY8aRv5AfFtkneg
Katt,Cat,Female,Big Sister,Music,27-Apr,purrty,K.K. Disco,Cool,Cool,Purple,Black,white perforated-board wall,steel flooring,cat21,6rE8fTRLqKCERS4dQ
Keaton,Eagle,Male,Smug,Music,1-Jun,wingo,Drivin',Gorgeous,Cool,Blue,White,tree-lined wall,parking flooring,pbr08,WRueK9fukhKgMrWZa
Ken,Chicken,Male,Smug,Education,23-Dec,no doubt,K.K. Rally,Cool,Simple,Purple,Blue,standard tearoom wall,tatami,chn13,gQZ4xwZeRvqmswoGY
Ketchup,Duck,Female,Peppy,Play,27-Jul,bitty,Neapolitan,Cute,Cute,Light blue,White,ivy wall,backyard lawn,duk13,CaQE3xJ4A7tgQXDMW
Kevin,Pig,Male,Jock,Play,26-Apr,weeweewee,K.K. Rockabilly,Active,Simple,Black,Red,gray shanty wall,concrete flooring,pig15,fGznAwhaxGN66K38Q
Kid Cat,Cat,Male,Jock,Fitness,1-Aug,psst,Go K.K. Rider,Active,Simple,Red,Red,chain-link fence,sandlot,cat10,Jd6z54x98v4uJhubB
Kidd,Goat,Male,Smug,Education,28-Jun,wut,K.K. Tango,Elegant,Cool,Gray,White,gray molded-panel wall,purple desert-tile flooring,goa07,Pv4qNLnQ4NquvddfQ
Kiki,Cat,Female,Normal,Education,8-Oct,kitty cat,Only Me,Simple,Simple,Brown,Beige,mod wall,simple white flooring,cat04,QTwru2TFs99vCznLg
Kitt,Kangaroo,Female,Normal,Education,11-Oct,child,Stale Cupcakes,Elegant,Simple,Purple,Red,arched-window wall,simple white flooring,kgr00,jjReK7y42rnNZmQe6
Kitty,Cat,Female,Snooty,Fashion,15-Feb,mrowrr,K.K. Chorale,Elegant,Gorgeous,Green,Gray,blue molded-panel wall,arabesque flooring,cat14,E6MnPthbMdNSvhHE5
Klaus,Bear,Male,Smug,Education,31-Mar,strudel,K.K. Sonata,Simple,Simple,Gray,White,stately wall,stone tile,bea14,cFgAWnZ4nhq7DfrN7
Knox,Chicken,Male,Cranky,Education,23-Nov,cluckling,K.K. Chorale,Elegant,Gorgeous,Brown,Red,palace wall,palace tile,chn11,25GGGSHzwEnKmepJk
Kody,Cub,Male,Jock,Fitness,28-Sep,grah grah,My Place,Active,Simple,Colorful,White,blue playroom wall,blue dot flooring,cbr04,j9pPANZ9zsm6Mobh2
Kyle,Wolf,Male,Smug,Music,6-Dec,alpha,K.K. Metal,Gorgeous,Cool,Black,White,gray shanty wall,steel flooring,wol10,Q68JosFG2FvzG7QC3
Leonardo,Tiger,Male,Jock,Fitness,15-May,flexin',K.K. Metal,Active,Gorgeous,Red,Blue,skull wall,leopard-print flooring,tig04,bZqAHvDsp82Ptify8
Leopold,Lion,Male,Smug,Education,14-Aug,lion cub,Mr. K.K.,Elegant,Gorgeous,Purple,Green,green painted-wood wall,natural-block flooring,lon04,nn3GdKz434cBryvyC
Lily,Frog,Female,Normal,Education,4-Feb,toady,Farewell,Cute,Simple,White,Yellow,misty-garden wall,blue dot flooring,flg00,CQG32Qp7hhepeaRbg
Limberg,Mouse,Male,Cranky,Education,17-Oct,squinky,K.K. Folk,Simple,Cool,Green,Blue,autumn wall,mossy-garden flooring,mus01,BnXXdXegMXE9HmZiy
Lionel,Lion,Male,Smug,Music,29-Jul,precisely,K.K. Moody,Gorgeous,Active,Green,Gray,cityscape wall,simple blue flooring,lon08,EQYQEL4crTYEN9yJs
Lobo,Wolf,Male,Cranky,Education,5-Nov,ah-rooooo,K.K. Rock,Cool,Active,Black,Beige,rustic-stone wall,rosewood flooring,wol01,9QsHyDimk75LPvBsn
Lolly,Cat,Female,Normal,Music,27-Mar,bonbon,Forest Life,Simple,Simple,Gray,Pink,modern wood wall,green vinyl flooring,cat18,ucvTsRXewrZsFj64Y
Lopez,Deer,Male,Smug,Education,20-Aug,badoom,K.K. Jazz,Gorgeous,Gorgeous,Gray,Gray,modern wood wall,modern wood flooring,der05,wBJRdKXMHcPyHDPEj
Louie,Gorilla,Male,Jock,Fitness,26-Mar,hoo hoo ha,K.K. Fusion,Active,Simple,Gray,Red,white perforated-board wall,colorful tile flooring,gor04,emwaesnBa9EmWvW89
Lucha,Bird,Male,Smug,Fitness,12-Dec,cacaw,K.K. Western,Active,Cool,Black,Gray,ringside seating,boxing-ring mat,brd15,se8G8LxivnMhgBiRE
Lucky,Dog,Male,Lazy,Play,4-Nov,rrr-owch,K.K. Dirge,Simple,Simple,Beige,White,ramshackle wall,swamp flooring,dog02,WtvwKvChcpgZ4WcQB
Lucy,Pig,Female,Normal,Music,2-Jun,snoooink,K.K. Sonata,Cute,Elegant,Pink,Red,heavy-curtain wall,wooden-knot flooring,pig04,8FpMvE2W6YJtmTpiQ
Lyman,Koala,Male,Jock,Play,12-Oct,chips,K.K. Safari,Simple,Active,Light blue,Yellow,jungle wall,light parquet flooring,kal09,cnByupc7McZQg8sNJ
Mac,Dog,Male,Jock,Fitness,11-Nov,woo woof,My Place,Active,Cool,Red,Black,ivy wall,sandlot,dog14,bLyixhvrCHgBYzvoX
Maddie,Dog,Female,Peppy,Play,11-Jan,yippee,K.K. Stroll,Simple,Cute,Purple,Pink,meadow vista,wildflower meadow,dog09,ebHEDLT4WnnnPtDzK
Maelle,Duck,Female,Snooty,Fashion,8-Apr,duckling,Café K.K.,Cool,Simple,Pink,White,tree-lined wall,sidewalk flooring,duk03,bHTDLovALeQz9PK4z
Maggie,Pig,Female,Normal,Nature,3-Sep,schep,Drivin',Cute,Elegant,Green,Yellow,backyard-fence wall,flagstone flooring,pig10,ByLM9r2q7mRAMbgXs
Mallary,Duck,Female,Snooty,Fashion,17-Nov,quackpth,K.K. Bossa,Cool,Gorgeous,Blue,White,mossy-garden wall,backyard lawn,duk06,jhXJGTWpk3ycr6kZC
Maple,Cub,Female,Normal,Education,15-Jun,honey,Forest Life,Simple,Cute,Beige,Green,green blossoming wall,wooden-knot flooring,cbr01,xgPhy4TnDmnzSkZ6o
Marcel,Dog,Male,Lazy,Play,31-Dec,non,Comrade K.K.,Simple,Cool,Green,Blue,modern shoji-screen wall,rush tatami,dog15,63FsmgrS7QPpFvL3N
Marcie,Kangaroo,Female,Normal,Nature,31-May,pouches,K.K. Aria,Cute,Elegant,Pink,Beige,pink quilt wall,pine-board flooring,kgr10,mSJuJRK54zTu3BkHr
Margie,Elephant,Female,Normal,Education,28-Jan,tootie,K.K. Marathon,Elegant,Cute,Pink,Red,olive desert-tile wall,bamboo flooring,elp04,rnFzZ3Z4gFAv6ouqG
Marina,Octopus,Female,Normal,Music,26-Jun,blurp,Soulful K.K.,Cute,Cute,Pink,Red,strawberry-chocolate wall,berry-chocolates flooring,ocp01,BQCu2GxBFFTuigDAY
Marshal,Squirrel,Male,Smug,Music,29-Sep,sulky,K.K. Bossa,Elegant,Cool,Light blue,Blue,blue delicate-blooms wall,modern wood flooring,squ17,ZZJJbE5zFrcDXfLEF
Mathilda,Kangaroo,Female,Snooty,Fitness,12-Nov,wee baby,K.K. Chorale,Cool,Gorgeous,White,Red,blue delicate-blooms wall,arabesque flooring,kgr01,GSsfXWFSF3FEdbcjA
Megan,Bear,Female,Normal,Nature,13-Mar,sundae,Forest Life,Cute,Simple,Yellow,Light blue,honeycomb wall,dark herringbone flooring,bea15,tgsKz4BX3wxFRFrFZ
Melba,Koala,Female,Normal,Education,12-Apr,toasty,K.K. Stroll,Cute,Cute,White,Green,blue blossoming wall,green-paint flooring,kal02,sLBs68aveqtjT8HZJ
Merengue,Rhino,Female,Normal,Nature,19-Mar,shortcake,K.K. Ballad,Cute,Simple,White,Red,pastel dotted wall,mint dot flooring,rhn07,qxaecyD6f6aHuNZKK
Merry,Cat,Female,Peppy,Fashion,29-Jun,mweee,Neapolitan,Cute,Cute,Pink,Light blue,beaded-curtain wall,orange retro flooring,cat16,uhd4aEuBudwu9pM6E
Midge,Bird,Female,Normal,Education,12-Mar,tweedledee,K.K. Stroll,Cute,Simple,Pink,Pink,yellow quilt wall,cute white-tile flooring,brd08,WSnecxx3DREYtZ3p3
Mint,Squirrel,Female,Snooty,Fashion,2-May,ahhhhhh,K.K. Soul,Gorgeous,Cute,Pink,Purple,blue subway-tile wall,mint dot flooring,squ09,TgwEuBB4kt96EXAvt
Mira,Rabbit,Female,Big Sister,Fitness,6-Jul,cottontail,Go K.K. Rider,Active,Cool,Red,Yellow,heavy-curtain wall,wooden-knot flooring,rbt19,ycquvbgfbCzktuLvn
Miranda,Duck,Female,Snooty,Fashion,23-Apr,quackulous,K.K. Sonata,Elegant,Gorgeous,Blue,Purple,arched-window wall,brown iron-parquet flooring,duk12,9AE7bEWmthdc7kZ4m
Mitzi,Cat,Female,Normal,Education,25-Sep,mew,K.K. Love Song,Simple,Simple,Brown,Beige,blue painted-wood wall,light herringbone flooring,cat01,4DpkbYXeoySwonvkS
Moe,Cat,Male,Lazy,Play,12-Jan,myawn,Two Days Ago,Active,Simple,Black,Gray,blue subway-tile wall,stripe flooring,cat08,EYRuj39J5cS5eYuPD
Molly,Duck,Female,Normal,Nature,7-Mar,quackidee,K.K. Ballad,Cute,Simple,Yellow,Pink,lattice wall,light herringbone flooring,duk16,4RLK74MDFhcXAQeuL
Monique,Cat,Female,Snooty,Fashion,30-Sep,pffffft,K.K. Cruisin',Gorgeous,Elegant,Purple,Pink,beige desert-tile wall,rosewood flooring,cat11,6rhSBCp2M4wcM9cRG
Monty,Monkey,Male,Cranky,Education,7-Dec,g'tang,To The Edge,Cool,Cool,Yellow,Gray,autumn wall,forest flooring,mnk04,AB2WWajw4nPsxsQ5h
Moose,Mouse,Male,Jock,Fitness,13-Sep,shorty,K.K. Rockabilly,Cool,Gorgeous,Purple,Red,concrete wall,blue camo flooring,mus14,bqireWGDZg56QP8JF
Mott,Lion,Male,Jock,Fitness,10-Jul,cagey,K.K. Fusion,Active,Elegant,Blue,Green,green molded-panel wall,pine-board flooring,lon06,upZ67GQyTzKPGCLm8
Muffy,Sheep,Female,Big Sister,Music,14-Feb,nightshade,K.K. Sonata,Gorgeous,Elegant,Black,Purple,black botanical-tile wall,purple desert-tile flooring,shp12,BMbfDZTTqMr8T4Jvt
Murphy,Cub,Male,Cranky,Education,29-Dec,malarkey,K.K. Safari,Simple,Cool,Blue,White,woodland wall,jungle flooring,cbr07,Nw4ojqKpHxBQfEqqo
Nan,Goat,Female,Normal,Nature,24-Aug,kid,K.K. Étude,Simple,Elegant,Orange,Yellow,black botanical-tile wall,white iron-parquet flooring,goa01,oGFWxL6p7g9Hq5LWK
Nana,Monkey,Female,Normal,Education,23-Aug,po po,K.K. Ballad,Cute,Cute,Pink,White,pastel dotted wall,cork flooring,mnk01,z95tvdzwWsxjXbpqP
Naomi,Cow,Female,Snooty,Fashion,28-Feb,moolah,K.K. Milonga,Elegant,Gorgeous,Colorful,Purple,red art-deco wall,lobby flooring,cow07,3EXPYiDinngndhDng
Nate,Bear,Male,Lazy,Play,16-Aug,yawwwn,Forest Life,Simple,Simple,White,Green,woodland wall,daisy meadow,bea05,h2nAg5RGkR7NEnSQq
Nibbles,Squirrel,Female,Peppy,Fashion,19-Jul,niblet,K.K. Disco,Cute,Active,Red,Yellow,pear wall,olive desert-tile flooring,squ04,Moh8bkfxWaxEa97mG
Norma,Cow,Female,Normal,Nature,20-Sep,hoof hoo,Mountain Song,Cute,Simple,White,Light blue,meadow vista,daisy meadow,cow06,fwgBojtt5KTvk3TL5
O'Hare,Rabbit,Male,Smug,Nature,24-Jul,amigo,K.K. Island,Active,Cool,Blue,Light blue,ocean-horizon wall,water flooring,rbt15,WDB4w6DdNpdhCvEuj
Octavian,Octopus,Male,Cranky,Play,20-Sep,sucker,K.K. D&B,Cool,Simple,Black,White,starry-sky wall,lunar surface,ocp00,nLsc5geQY78JR7j4S
Olaf,Anteater,Male,Smug,Education,19-May,whiffa,K.K. Milonga,Elegant,Gorgeous,Red,Black,black-brick wall,simple red flooring,ant09,ar73BhCacgwhTNYnX
Olive,Cub,Female,Normal,Nature,12-Jul,sweet pea,Neapolitan,Simple,Simple,Brown,Yellow,white simple-cloth wall,mint dot flooring,cbr09,7ZynzrsbeH5fMqvLu
Olivia,Cat,Female,Snooty,Music,3-Feb,purrr,K.K. Sonata,Cool,Elegant,White,Black,purple-rose wall,simple blue flooring,cat03,9TaBZpKSgb9nEWwtH
Opal,Elephant,Female,Snooty,Fashion,20-Jan,snoot,K.K. Cruisin',Elegant,Cool,Black,Orange,brown botanical-tile wall,olive desert-tile flooring,elp00,FYopCfP6LEKMEAP7F
Ozzie,Koala,Male,Lazy,Play,7-May,ol' bear,Mr. K.K.,Simple,Cute,Yellow,Orange,white perforated-board wall,cork flooring,kal05,jn3GZEfXoGm3ahwd3
Pancetti,Pig,Female,Snooty,Music,14-Nov,sooey,K.K. Cruisin',Cute,Gorgeous,Red,Yellow,white botanical-tile wall,yellow floral flooring,pig16,bjvvbcuiiN9pYiZA9
Pango,Anteater,Female,Peppy,Fashion,9-Nov,snooooof,K.K. Oasis,Elegant,Cool,Orange,Purple,imperial wall,gold iron-parquet flooring,ant02,dz29mEXmHc8mM3q7R
Paolo,Elephant,Male,Lazy,Nature,5-May,pal,To The Edge,Simple,Elegant,Gray,Light blue,blue desert-tile wall,blue mosaic-tile flooring,elp05,jH9AH2BeLRwtsFwHQ
Papi,Horse,Male,Lazy,Nature,10-Jan,haaay,Hypno K.K.,Simple,Simple,Orange,Light blue,colorful puzzle wall,jointed-mat flooring,hrs12,miKjvBKFawhzBB8rW
Pashmina,Goat,Female,Big Sister,Music,26-Dec,kidders,K.K. Disco,Cool,Elegant,Red,Colorful,cute red wall,cute white-tile flooring,goa08,hftL8Ep8ffr3PWTuE
Pate,Duck,Female,Peppy,Fashion,23-Feb,quackle,K.K. Soul,Simple,Cute,Yellow,White,blue subway-tile wall,hexagonal floral flooring,duk02,DHBvGmtvAKgcEQiLx
Patty,Cow,Female,Peppy,Fashion,10-May,how-now,K.K. Calypso,Simple,Cute,Orange,Red,backyard-fence wall,wildflower meadow,cow00,WwWCGiveKwyuntnBe
Paula,Bear,Female,Big Sister,Fitness,22-Mar,yodelay,K.K. Disco,Cute,Active,Orange,Green,starry wall,berry-chocolates flooring,bea10,mt4oJ6k5CJTCGJXAZ
Peaches,Horse,Female,Normal,Education,28-Nov,neighbor,Forest Life,Cute,Simple,Colorful,Light blue,cabin wall,dirt flooring,hrs08,SRuoS7z66df8wdynd
Peanut,Squirrel,Female,Peppy,Fashion,8-Jun,slacker,Forest Life,Cute,Cute,Red,Colorful,cute red wall,cute white-tile flooring,squ00,ZcdcgJXwiH4rJg2JK
Pecan,Squirrel,Female,Snooty,Fashion,10-Sep,chipmunk,K.K. Love Song,Elegant,Gorgeous,Purple,Beige,beige art-deco wall,simple white flooring,squ03,qJmNiqamwRRxHc4fY
Peck,Bird,Male,Jock,Play,25-Jul,crunch,My Place,Simple,Active,Beige,Red,camo wall,blue-paint flooring,brd17,TC9QnMpcjfskBGzwB
Peewee,Gorilla,Male,Cranky,Fitness,11-Sep,li'l bitty baby,K.K. Rock,Active,Cool,Orange,Blue,steel-frame wall,concrete flooring,gor01,HAeZAgW5pywjmCBeu
Peggy,Pig,Female,Peppy,Fashion,23-May,shweetie,K.K. Bossa,Cute,Active,Blue,Red,red intricate wall,birch flooring,pig11,YReGwLNQoegR9PhZx
Pekoe,Cub,Female,Normal,Nature,18-May,bud,Imperial K.K.,Elegant,Cute,Red,Beige,exquisite wall,bamboo flooring,cbr14,QvWvWxjFtNLCnZES5
Penelope,Mouse,Female,Peppy,Fashion,5-Feb,oh bow,Bubblegum K.K.,Cute,Gorgeous,Pink,Red,cute red wall,red dot flooring,mus17,L9mYm8tvKg32G85cv
Phil,Ostrich,Male,Smug,Music,27-Nov,hurk,K.K. Moody,Elegant,Cool,Green,Red,red art-deco wall,simple red flooring,ost07,rCHTjrbTz7pejGT8J
Phoebe,Ostrich,Female,Big Sister,Fitness,22-Apr,sparky,K.K. Flamenco,Gorgeous,Cool,Black,Red,magma-cavern wall,lava flooring,ost10,HYJxoDdCoLS7uPdz9
Pierce,Eagle,Male,Jock,Fitness,8-Jan,hawkeye,K.K. Gumbo,Elegant,Active,Orange,Yellow,blue camo wall,simple blue flooring,pbr02,aavqm5o5TcTxgrBs6
Pietro,Sheep,Male,Smug,Music,19-Apr,honk honk,K.K. Parade,Gorgeous,Simple,Colorful,Red,sky wall,cloud flooring,shp13,fLBrHLToMTBrc5Was
Pinky,Bear,Female,Peppy,Fashion,9-Sep,wah,Imperial K.K.,Cute,Simple,Red,Pink,bamboo wall,floral rush-mat flooring,bea01,CLQDMiLJYw9de8t7c
Piper,Bird,Female,Peppy,Play,18-Apr,chickadee,K.K. Synth,Elegant,Gorgeous,Black,White,cityscape wall,monochromatic tile flooring,brd05,B9nGDw29C3MeZeiob
Pippy,Rabbit,Female,Peppy,Fashion,14-Jun,li'l hare,Drivin',Cute,Simple,Green,Brown,mod wall,blue-paint flooring,rbt06,zRveogN878Fugd5ga
Plucky,Chicken,Female,Big Sister,Play,12-Oct,chicky-poo,K.K. Island,Cool,Simple,Light blue,Yellow,tropical vista,starry-sands flooring,chn10,8v54MppXDZwDS2viK
Pompom,Duck,Female,Peppy,Music,11-Feb,rah rah,K.K. Soul,Cute,Simple,Pink,Light blue,beaded-curtain wall,green retro flooring,duk05,D4EfZuiFQqxXAaxa5
Poncho,Cub,Male,Jock,Fitness,2-Jan,li'l bear,K.K. Blues,Simple,Simple,Orange,Yellow,blue simple-cloth wall,blue-paint flooring,cbr02,2yyqShsyFuek2xsPq
Poppy,Squirrel,Female,Normal,Education,5-Aug,nutty,Forest Life,Cute,Elegant,Green,Yellow,autumn wall,colored-leaves flooring,squ15,NaP65qNMvxYTzTXrs
Portia,Dog,Female,Snooty,Fashion,25-Oct,ruffian,K.K. Disco,Elegant,Gorgeous,Purple,Black,blue desert-tile wall,rosewood flooring,dog05,XAP6AcqdXDufCkTAd
Prince,Frog,Male,Lazy,Play,21-Jul,burrup,Only Me,Simple,Active,Yellow,White,starry-sky wall,daisy meadow,flg12,3YQrrLRvCYt62wMLi
Puck,Penguin,Male,Lazy,Fitness,21-Feb,brrrrrrrrr,K.K. March,Active,Simple,Blue,Red,ice wall,ice flooring,pgn06,qnejmf3Q7jvCoBvw7
Puddles,Frog,Female,Peppy,Fashion,13-Jan,splish,K.K. Disco,Cute,Gorgeous,Green,Pink,blue subway-tile wall,mint dot flooring,flg06,TuEiYBT2nG3qNT2RX
Pudge,Cub,Male,Lazy,Play,11-Jun,golly,K.K. Stroll,Simple,Simple,Green,Blue,green playroom wall,colorful puzzle flooring,cbr03,QGD2qdJ8oyu4SS7To
Punchy,Cat,Male,Lazy,Play,11-Apr,mrmpht,Forest Life,Simple,Simple,Blue,Light blue,blue simple-cloth wall,jointed-mat flooring,cat06,Q8Qds8CMWMnXTGbqf
Purrl,Cat,Female,Snooty,Fashion,29-May,kitten,K.K. Chorale,Cool,Elegant,Gray,Blue,arched-window wall,dark herringbone flooring,cat07,ZgpbeQ6LW63qq2yok
Queenie,Ostrich,Female,Snooty,Fashion,13-Nov,chicken,K.K. Gumbo,Gorgeous,Elegant,Black,Gray,abstract wall,dark parquet flooring,ost00,4vYPTrcRBimNwXmcC
Quillson,Duck,Male,Smug,Music,22-Dec,ridukulous,K.K. Groove,Elegant,Cool,Beige,Orange,dark wooden-mosaic wall,simple purple flooring,duk17,tdfJ4MAeE2pKDxxNd
Raddle,Frog,Male,Lazy,Nature,6-Jun,aaach—,Mr. K.K.,Elegant,Simple,White,Gray,white simple-cloth wall,green rubber flooring,flg15,Xi6NDcp6NptRB9WDz
Rasher,Pig,Male,Cranky,Music,7-Apr,swine,K.K. Rockabilly,Cool,Simple,Blue,Black,chain-link fence,parking flooring,pig02,vhd6ReEt63uAnpYsq
Raymond,Cat,Male,Smug,Nature,1-Oct,crisp,K.K. Cruisin',Elegant,Cool,Black,Gray,office wall,monochromatic tile flooring,cat23,2nbzgWsuDBSN2LeEj
Renée,Rhino,Female,Big Sister,Music,28-May,yo yo yo,Surfin' K.K.,Cool,Active,Purple,Yellow,skull wall,tiger-print flooring,rhn08,ZyeqzXyxABEFXsS5c
Reneigh,Horse,Female,Big Sister,Play,4-Jun,ayup yup,K.K. Synth,Cool,Gorgeous,Black,Purple,botanical-tile wall,brown floral flooring,hrs16,4rRW9HkPYfAWBQvWC
Rex,Lion,Male,Lazy,Nature,24-Jul,cool cat,Wandering,Simple,Cute,Blue,Light blue,summit wall,daisy meadow,lon02,umQmbALHn7dbiMrYL
Rhonda,Rhino,Female,Normal,Music,24-Jan,bigfoot,K.K. Ballad,Elegant,Gorgeous,Purple,Black,purple desert-tile wall,simple purple flooring,rhn01,BjYi6hQsSg6sQcxhm
Ribbot,Frog,Male,Jock,Fitness,13-Feb,zzrrbbitt,K.K. Technopop,Simple,Active,Blue,Light blue,circuit-board wall,future-tech flooring,flg01,vg2BFTmhyyhbiHtbC
Ricky,Squirrel,Male,Cranky,Education,14-Sep,nutcase,K.K. Safari,Cool,Simple,Blue,Red,woodland wall,swamp flooring,squ10,g5JArfBAeNAXb8rFX
Rizzo,Mouse,Male,Cranky,Education,17-Jan,squee,K.K. Folk,Simple,Cool,Black,Gray,mortar wall,dirt flooring,mus09,vmbvXTtjpswNLkcpi
Roald,Penguin,Male,Jock,Fitness,5-Jan,b-b-buddy,K.K. March,Active,Simple,Red,Yellow,iceberg wall,iceberg flooring,pgn01,kxpZTdDuacHxQA3An
Robin,Bird,Female,Snooty,Fashion,4-Dec,la-di-da,K.K. Cruisin',Elegant,Cool,Light blue,Purple,brown botanical-tile wall,brown argyle-tile flooring,brd01,xK49Rcb2Lnm5P4aLM
Rocco,Hippo,Male,Cranky,Education,18-Aug,hippie,K.K. Lament,Simple,Cool,Yellow,Black,construction-site wall,construction-site flooring,hip00,vfET6L7B9ruRApyMb
Rocket,Gorilla,Female,Big Sister,Fitness,14-Apr,vroom,K.K. Adventure,Active,Cool,Pink,Red,skyscraper wall,monochromatic tile flooring,gor09,eJNBB5SYzfj5DaWjx
Rod,Mouse,Male,Jock,Fitness,14-Aug,ace,K.K. March,Active,Cool,Blue,Light blue,sea view,ship deck,mus05,ezLuGMubv35hSamPr
Rodeo,Bull,Male,Lazy,Fitness,29-Oct,chaps,K.K. Technopop,Simple,Cool,Black,Red,concrete wall,monochromatic tile flooring,bul01,QNT5F2pjZixKpiD4D
Rodney,Hamster,Male,Smug,Music,10-Nov,le ham,K.K. Rockabilly,Gorgeous,Cool,Pink,Colorful,blue diner wall,green vinyl flooring,ham03,AnFmctYx65LkTaFGu
Rolf,Tiger,Male,Cranky,Fitness,22-Aug,grrrolf,K.K. Condor,Cool,Active,Blue,Black,summit wall,flowing-river flooring,tig00,MA2wxkE7cEyD4f4hz
Rooney,Kangaroo,Male,Cranky,Fitness,1-Dec,punches,K.K. Adventure,Active,Active,Gray,Black,gray shanty wall,steel flooring,kgr09,9wnSweJyqfd4izW4M
Rory,Lion,Male,Jock,Music,7-Aug,capital,K.K. Faire,Simple,Active,Blue,Red,mangrove wall,starry-sands flooring,lon07,hAfSborD4JtyNGFd6
Roscoe,Horse,Male,Cranky,Music,16-Jun,nay,K.K. D&B,Cool,Gorgeous,Black,Gray,black-crown wall,monochromatic tile flooring,hrs04,RKAg95c8nosL8fNec
Rosie,Cat,Female,Peppy,Music,27-Feb,silly,Bubblegum K.K.,Cute,Cute,Pink,Red,purple dotted wall,blue-paint flooring,cat02,NTwyXi4RAX4EKTcW6
Rowan,Tiger,Male,Jock,Fitness,26-Aug,mango,Surfin' K.K.,Active,Simple,Light blue,Gray,bamboo wall,tiger-print flooring,tig01,WqtXZv8CLheckbHoF
Ruby,Rabbit,Female,Peppy,Nature,25-Dec,li'l ears,Stale Cupcakes,Cute,Active,Light blue,Pink,starry-sky wall,lunar surface,rbt09,rjbSmp6a8PdsEw9BM
Rudy,Cat,Male,Jock,Play,20-Dec,mush,K.K. Blues,Active,Simple,Yellow,Beige,green playroom wall,pine-board flooring,cat20,TqXTvnySgEac3iEt7
Sally,Squirrel,Female,Normal,Music,19-Jun,nutmeg,Only Me,Simple,Elegant,White,Beige,yellow intricate wall,dark parquet flooring,squ07,jtXMvWWbQ9qN2iw7S
Samson,Mouse,Male,Jock,Fitness,5-Jul,pipsqueak,Rockin' K.K.,Simple,Active,Red,Yellow,blue subway-tile wall,cool-paint flooring,mus04,XFzdPqYwq4n98EpuF
Sandy,Ostrich,Female,Normal,Nature,21-Oct,speedy,K.K. Soul,Simple,Cool,Light blue,White,blackboard wall,rosewood flooring,ost02,6t3MfdfbyRKwjgNPd
Savannah,Horse,Female,Normal,Music,25-Jan,y'all,Forest Life,Cool,Simple,Light blue,Blue,blue subway-tile wall,zebra-print flooring,hrs02,Mquwz8gbb3EEmazyF
Scoot,Duck,Male,Jock,Fitness,13-Jun,zip zoom,My Place,Active,Simple,Beige,Blue,backyard-fence wall,backyard lawn,duk10,wanb7GiQ9fe6puXe8
Shari,Monkey,Female,Big Sister,Music,10-Apr,cheeky,K.K. Cruisin',Cute,Active,Light blue,Yellow,purple desert-tile wall,rosewood flooring,mnk07,sR4EndxJk6uqcQKxB
Sheldon,Squirrel,Male,Jock,Play,26-Feb,cardio,K.K. Country,Active,Cool,Green,Yellow,forest wall,forest flooring,squ16,KQG9B6Yp57KhnDiZ9
Shep,Dog,Male,Smug,Education,24-Nov,baa baa baa,K.K. Swing,Simple,Cool,Light blue,Blue,cabin wall,wooden-knot flooring,dog18,P4FqMoZg2EJQ6EzAb
Sherb,Goat,Male,Lazy,Nature,18-Jan,bawwww,Hypno K.K.,Simple,Cute,Gray,Blue,purple desert-tile wall,simple purple flooring,goa09,XaaDkAfHynrEY2YS4
Simon,Monkey,Male,Lazy,Play,19-Jan,zzzook,K.K. Safari,Simple,Active,Red,Colorful,starry-sky wall,Saharah's desert,mnk02,mTk2qZXe4XwP3WzNT
Skye,Wolf,Female,Normal,Music,24-Mar,airmail,Forest Life,Cute,Cute,Blue,White,blue heart-pattern wall,simple white flooring,wol09,y8Mi2cSB26qfaxCa3
Sly,Alligator,Male,Jock,Play,15-Nov,hoo-rah,K.K. Safari,Cool,Simple,Brown,Green,jungle wall,jungle flooring,crd06,GbXz3ZAtzig3qyKd5
Snake,Rabbit,Male,Jock,Fitness,3-Nov,bunyip,King K.K.,Active,Simple,Black,Blue,mortar wall,dirt flooring,rbt03,LZcGjneEs8xmxNE3q
Snooty,Anteater,Female,Snooty,Education,24-Oct,sniffff,K.K. Folk,Simple,Simple,Green,Yellow,shoji screen,tatami flooring,ant06,hZmkhmRhK7xgM6BhP
Soleil,Hamster,Female,Snooty,Education,9-Aug,tarnation,K.K. Oasis,Cool,Gorgeous,Red,Yellow,imperial wall,imperial tile,ham04,EzZzup4KP8t2FvL8f
Sparro,Bird,Male,Jock,Play,20-Nov,like whoa,I Love You,Active,Simple,Green,Gray,backyard-fence wall,sandlot,brd18,kyF7bCcryEzaErcTJ
Spike,Rhino,Male,Cranky,Nature,17-Jun,punk,K.K. House,Cool,Gorgeous,Black,Gray,concrete wall,leopard-print flooring,rhn02,e8bJbKYBcretqhbuR
Spork,Pig,Male,Lazy,Play,3-Sep,snork,Forest Life,Simple,Active,Green,Colorful,woodland wall,swamp flooring,pig05,NeqP5jCsuLugbA2PW
Sprinkle,Penguin,Female,Peppy,Play,20-Feb,frappe,K.K. Marathon,Cute,Elegant,Light blue,White,ice wall,ice flooring,pgn14,5ffTHHjgjsXGAcsb3
Sprocket,Ostrich,Male,Jock,Music,1-Dec,zort,K.K. Metal,Simple,Active,Orange,Green,future-tech wall,circuit-board flooring,ost03,mFq536yZgoy7zEbKd
Static,Squirrel,Male,Cranky,Music,9-Jul,krzzt,Surfin' K.K.,Cool,Active,Black,Yellow,concrete wall,skull-print flooring,squ08,vqPjvoChWTNpj2t6E
Stella,Sheep,Female,Normal,Nature,9-Apr,baa-dabing,Only Me,Simple,Simple,Yellow,Beige,rose wall,dark herringbone flooring,shp03,PnrARfxc8picdtvL8
Sterling,Eagle,Male,Jock,Fitness,11-Dec,skraaaaw,K.K. Dirge,Simple,Elegant,Blue,Red,dungeon wall,basement flooring,pbr07,u7tJskupjfv3Ejedt
Stinky,Cat,Male,Jock,Fitness,17-Aug,GAAHHH,K.K. Flamenco,Active,Simple,Red,Blue,ringside seating,boxing-ring mat,cat13,daE2wDXCWHDJZBkD4
Stitches,Cub,Male,Lazy,Play,10-Feb,stuffin',I Love You,Simple,Cute,Colorful,White,blue quilt wall,patchwork-tile flooring,cbr05,SfGuc8givs3kR8kvM
Stu,Bull,Male,Lazy,Nature,20-Apr,mrooooo,K.K. Rockabilly,Simple,Simple,Brown,Beige,chain-link fence,sidewalk flooring,bul03,rcPtvvvscvkEWG7AF
Sydney,Koala,Female,Normal,Music,21-Jun,sunshine,Drivin',Cute,Simple,Beige,Yellow,purple puzzle wall,blue-paint flooring,kal03,crrWmmqsC9RfmZNCS
Sylvana,Squirrel,Female,Normal,Nature,22-Oct,hubbub,Spring Blossoms,Cute,Simple,Green,Purple,cherry-blossom-trees wall,cherry-blossom flooring,squ14,MBkrN9pXkoACmfPdE
Sylvia,Kangaroo,Female,Big Sister,Music,3-May,boing,DJ K.K.,Simple,Gorgeous,Yellow,Green,concrete wall,monochromatic tile flooring,kgr06,PZsBTkeYBg5ACE5xB
T-Bone,Bull,Male,Cranky,Education,20-May,moocher,K.K. Steppe,Cool,Simple,Blue,Black,arched-window wall,arabesque flooring,bul05,QLPX4QqjhiPwCLcko
Tabby,Cat,Female,Peppy,Music,13-Aug,me-WOW,DJ K.K.,Active,Cool,Black,Gray,manga-library wall,tiger-print flooring,cat12,P3ouRnR3NRSch3LaC
Tad,Frog,Male,Jock,Play,3-Aug,sluuuurp,Wandering,Active,Simple,Yellow,Colorful,rice-paddy wall,field flooring,flg09,v74Hs9XT2zRC6gDjE
Tammi,Monkey,Female,Peppy,Fashion,2-Apr,chimpy,Imperial K.K.,Cute,Active,Purple,Green,bamboo wall,bamboo flooring,mnk03,vYWvCyge46SGeHfHH
Tammy,Cub,Female,Big Sister,Play,23-Jun,ya heard,DJ K.K.,Cool,Active,Red,Purple,yellow intricate wall,giraffe-print flooring,cbr17,vw7ussv29jkjDdnJ7
Tangy,Cat,Female,Peppy,Music,17-Jun,reeeeOWR,I Love You,Simple,Cute,Green,Yellow,orange wall,green retro flooring,cat05,eeMEC83wHWmKuHNvh
Tank,Rhino,Male,Jock,Fitness,6-May,kerPOW,K.K. Lament,Active,Simple,Red,Green,bamboo-grove wall,sandlot,rhn00,tq4TfLyNJx7un4h2m
Tasha,Squirrel,Female,Snooty,Fitness,30-Nov,nice nice,K.K. Synth,Elegant,Gorgeous,Beige,Gray,stormy-night wall,rosewood flooring,squ13,i3FzxyjfuBzy7Fnv3
Teddy,Bear,Male,Jock,Fitness,26-Sep,grooof,Mr. K.K.,Simple,Simple,Yellow,Orange,cabin wall,cork flooring,bea00,JhB2GSBmZCpaqRGDv
Tex,Penguin,Male,Smug,Music,6-Oct,picante,K.K. D&B,Cool,Elegant,Black,Gray,ice wall,ice flooring,pgn12,99QcysqkrEZ7ycBWs
Tia,Elephant,Female,Normal,Nature,18-Nov,teacup,K.K. Bossa,Cute,Elegant,Black,White,café-curtain wall,brown iron-parquet flooring,elp10,2SK8tjSB8JvYLgPn9
Tiffany,Rabbit,Female,Snooty,Fashion,9-Jan,bunbun,K.K. Ragtime,Gorgeous,Cool,Black,Red,black-crown wall,red-and-black vinyl flooring,rbt07,yhaDSkcEFYP6urwjN
Timbra,Sheep,Female,Snooty,Education,21-Oct,pine nut,K.K. Love Song,Elegant,Gorgeous,Green,Brown,beige art-deco wall,dark parquet flooring,shp10,yafB94xabfKKPPNSp
Tipper,Cow,Female,Snooty,Fashion,25-Aug,pushy,Soulful K.K.,Gorgeous,Cute,Colorful,Pink,white hallway wall,stone tile,cow01,ZWevBdWKRpz7DC7B4
Tom,Cat,Male,Cranky,Education,10-Dec,me-YOWZA,K.K. Rock,Cool,Simple,Black,Gray,shutter wall,paintball flooring,cat15,2vHKegY3XyX2DBc6G
Truffles,Pig,Female,Peppy,Fashion,28-Jul,snoutie,Neapolitan,Cute,Gorgeous,Green,Red,mod wall,brown honeycomb tile,pig01,3oNZnyk4zv3zJD2m5
Tucker,Elephant,Male,Lazy,Nature,7-Sep,fuzzers,K.K. Safari,Active,Simple,Yellow,Orange,jungle wall,swamp flooring,elp09,96HCsK6H2c7J2ARMa
Tutu,Bear,Female,Peppy,Fashion,15-Sep,twinkles,Bubblegum K.K.,Cute,Simple,Pink,Red,pink-striped wall,red dot flooring,bea07,HqboYio5a8bRbKtcL
Twiggy,Bird,Female,Peppy,Fashion,13-Jul,cheepers,Bubblegum K.K.,Simple,Cute,Pink,Blue,white botanical-tile wall,gray argyle-tile flooring,brd03,P6sD4cQvXFHHvNcz8
Tybalt,Tiger,Male,Jock,Play,19-Aug,grrrRAH,K.K. Groove,Active,Simple,Blue,Purple,blue-paint wall,tiger-print flooring,tig02,Q49mH4FY3BrgFDoyN
Ursala,Bear,Female,Big Sister,Music,16-Jan,grooomph,Café K.K.,Simple,Cute,Red,Orange,café-curtain wall,green honeycomb tile,bea08,zodRh39TrqXPbGW49
Velma,Goat,Female,Snooty,Education,14-Jan,blih,Mr. K.K.,Elegant,Gorgeous,Light blue,Purple,classic-library wall,light parquet flooring,goa06,PkAYXk745ZHBE69a9
Vesta,Sheep,Female,Normal,Fashion,16-Apr,baaaffo,Forest Life,Simple,Cute,Orange,Red,white subway-tile wall,floral mosaic-tile flooring,shp00,pkzxW9Pmtd39TMdDH
Vic,Bull,Male,Cranky,Fitness,29-Dec,cud,K.K. March,Cool,Active,Light blue,Blue,sea view,ship deck,bul08,9ouwtyzDNP65WJv77
Victoria,Horse,Female,Peppy,Fitness,11-Jul,sugar cube,K.K. Adventure,Active,Simple,Yellow,Orange,stadium wall,racetrack flooring,hrs01,R5zfwZxyxaa6gue4d
Violet,Gorilla,Female,Snooty,Fitness,1-Sep,sweetie,K.K. Bazaar,Gorgeous,Cool,Purple,Pink,black botanical-tile wall,lobby flooring,gor07,z7N6aubfytXa7Z4Me
Vivian,Wolf,Female,Snooty,Education,26-Jan,piffle,K.K. Cruisin',Gorgeous,Elegant,Gray,Purple,white-brick wall,dark wood-pattern flooring,wol08,tWyG3bE5fwvNNGpWM
Vladimir,Cub,Male,Cranky,Play,2-Aug,nyet,Agent K.K.,Simple,Cool,Yellow,Colorful,chain-link fence,ramshackle flooring,cbr06,Eskwc34f2x6Qx6ZNT
Wade,Penguin,Male,Lazy,Nature,30-Oct,so it goes,Stale Cupcakes,Simple,Gorgeous,Light blue,Blue,ice wall,ice flooring,pgn09,cy2hRtipGaiHEBPd8
Walker,Dog,Male,Lazy,Play,10-Jun,wuh,Two Days Ago,Simple,Simple,Orange,Red,yellow playroom wall,colorful tile flooring,dog06,rh6PGwW3Lg6EFcfo6
Walt,Kangaroo,Male,Cranky,Fitness,24-Apr,pockets,K.K. Lament,Cool,Cool,Black,Gray,bamboo-grove wall,mossy-garden flooring,kgr08,wN36ADi7MxiLNJ3Eu
Wart Jr.,Frog,Male,Cranky,Education,21-Aug,grr-ribbit,Steep Hill,Simple,Simple,Blue,Purple,dirt-clod wall,rush tatami,flg05,HCbj4RPsBexGWd2Sy
Weber,Duck,Male,Lazy,Nature,30-Jun,quaa,K.K. Fusion,Cool,Simple,Blue,Black,black perforated-board wall,cork flooring,duk11,QrbKSTR4H9tFKBofW
Wendy,Sheep,Female,Peppy,Fashion,15-Aug,lambkins,Space K.K.,Cool,Gorgeous,Red,Green,snowflake wall,simple white flooring,shp09,YyW9WdsWe6EgMF4Mq
Whitney,Wolf,Female,Snooty,Fashion,17-Sep,snappy,K.K. Soul,Elegant,Cool,Blue,Light blue,blue intricate wall,blue-paint flooring,wol03,KbixDxCFpoWTimarv
Willow,Sheep,Female,Snooty,Fashion,26-Nov,bo peep,K.K. Soul,Cute,Gorgeous,White,Pink,arched-window wall,arabesque flooring,shp07,HT58xc2w7ootdCRWb
Winnie,Horse,Female,Peppy,Fashion,31-Jan,hay-OK,K.K. Country,Cool,Simple,White,Gray,backyard-fence wall,backyard lawn,hrs05,b4HwfyvThyipScSAv
Wolfgang,Wolf,Male,Cranky,Education,25-Nov,snarrrl,K.K. D&B,Cool,Active,Black,Green,dark wooden-mosaic wall,stripe flooring,wol02,RbF2wcn6jRxtgLDRd
Yuka,Koala,Female,Snooty,Fashion,20-Jul,tsk tsk,Soulful K.K.,Cool,Elegant,Orange,Yellow,beige art-deco wall,simple purple flooring,kal00,QDcxk3dCNT6yeD9hk
Zell,Deer,Male,Smug,Music,7-Jun,pronk,K.K. Swing,Cool,Gorgeous,Purple,Gray,cityscape wall,monochromatic tile flooring,der02,LodBWtdMRZbjFNga9
Zucker,Octopus,Male,Lazy,Nature,8-Mar,bloop,Spring Blossoms,Simple,Cute,Blue,Yellow,chain-link fence,backyard lawn,ocp02,2F5tipHqgmWvWXTLC
